Home,Work,Personal,Workemail,Twitter,Facebook,Linkedin,Street Address
+420 (252) 658-3548,773-384-0939,fmil0@ameblo.jp,cfarish0@wikipedia.org,oemmison0,gwardrope0,bandriuzzi0,384 Nobel Street
,,jteml1@redcross.org,aphelip1@a8.net,screcy1,jlachaize1,itwigg1,
,,ialbasiny2@state.gov,djayne2@mail.ru,,,,28276 Declaration Center
,,kartus3@sina.com.cn,rtennison3@miitbeian.gov.cn,,,,510 Corry Trail
,,,,,,,
,,jopdenorth5@vkontakte.ru,vdimock5@archive.org,,,,17 Goodland Parkway
+86 (123) 201-4225,307-320-2549,mcuffin6@ask.com,elamperd6@aol.com,,,,
,,mkintish7@123-reg.co.uk,msprasen7@google.com.br,efieldgate7,irevie7,mmckag7,
+66 (630) 413-8136,170-239-1953,sgebbe8@msu.edu,boxteby8@dion.ne.jp,hcrosskell8,kstubbs8,kflacke8,
,,agenny9@dagondesign.com,aagdahl9@umn.edu,,,,
,,,,,,,9 Lakewood Gardens Circle
,,bgurnayb@columbia.edu,grembrantb@dion.ne.jp,,,,52879 Westridge Crossing
+55 (420) 772-5200,432-532-2305,dborlessc@amazon.co.jp,gsanperc@ca.gov,,,,
,,ltuttond@networkadvertising.org,hmcdarmidd@cocolog-nifty.com,phollebond,astattond,krawoodd,2 Carioca Alley
+63 (222) 269-4055,262-222-5478,hastburye@un.org,jenione@weather.com,wplumtreee,ksaunpere,emiddlewicke,8 Mallory Lane
,,ksugarsf@auda.org.au,cdreganf@google.cn,emarionf,dknowltonf,nnewnhamf,
,,sgreenstreetg@ihg.com,mperrettg@cloudflare.com,,,,
,,,,,,,76869 Trailsway Plaza
,,aellyatti@histats.com,ssuermeiersi@merriam-webster.com,,,,6 Alpine Pass
,,kkermottj@fotki.com,mmerrissonj@cbsnews.com,,,,
,,,,,,,
,,efardenl@example.com,spoutressl@about.com,,,,
,,dluckettm@usda.gov,khowgillm@hp.com,,,,
+502 (574) 359-6397,459-879-1478,nswitzern@over-blog.com,lsandeyn@merriam-webster.com,,,,
+86 (554) 834-9024,765-610-5033,sdunso@naver.com,perskineo@live.com,,,,37 Rockefeller Alley
,,swinesp@guardian.co.uk,rbloodp@hostgator.com,,,,
,,epayntonq@shinystat.com,mskirlinq@vistaprint.com,,,,
+55 (620) 852-4600,396-288-0322,,,,,,
,,aquartleys@yolasite.com,akrystofs@xrea.com,,,,
,,dneesamt@phoca.cz,abarradellt@people.com.cn,,,,
,,fgonzalesu@mac.com,benterleu@unblog.fr,,,,539 Goodland Place
,,,,,,,
,,mbonnierw@photobucket.com,csainsburybrownw@tmall.com,,,,200 Old Shore Crossing
,,celtx@umich.edu,rarpinx@aboutads.info,,,,
,,pknewstubby@state.tx.us,eseagoody@dropbox.com,,,,
,,mlegganz@illinois.edu,mharbagez@bravesites.com,,,,83020 Brown Drive
,,msturley10@whitehouse.gov,rweatherall10@wordpress.com,cadamski10,kreims10,aedgson10,91040 Sauthoff Center
+86 (285) 569-4853,626-385-5125,wmcdirmid11@scribd.com,mgrimstead11@dailymotion.com,,,,
,,spietruschka12@apple.com,rchristophers12@github.com,bpenzer12,ldunbavin12,vrocco12,
,,srizon13@imdb.com,fellit13@si.edu,sallmann13,wstienham13,mbaddiley13,
,,nrigolle14@vk.com,vgreve14@ebay.com,,,,36019 Victoria Court
,,fstoaks15@sbwire.com,astooke15@odnoklassniki.ru,cmacnulty15,cwhitmarsh15,asumner15,
,,wadnett16@opensource.org,xparslow16@mediafire.com,rpatient16,hbellas16,mwordsley16,
+62 (137) 700-2968,813-543-9040,,,,,,9044 Waubesa Avenue
,,vshackleford18@so-net.ne.jp,lgosse18@state.gov,,,,163 Shoshone Park
,,,,mtwelve19,lmcgerraghty19,hjaher19,
,,yliddyard1a@ucsd.edu,fmatanin1a@is.gd,,,,17 Chinook Court
,,rblackshaw1b@unc.edu,tphettiplace1b@yolasite.com,tkrop1b,cbonifant1b,fcock1b,
,,ggarford1c@weibo.com,atoun1c@vkontakte.ru,ialbers1c,ttebb1c,ksalmond1c,
,,kribey1d@deliciousdays.com,cdykas1d@theglobeandmail.com,carpur1d,clarrat1d,ccatling1d,
,,,,,,,
,,,,,,,11712 Milwaukee Way
,,jkilby1g@google.pl,jbassindale1g@bing.com,,,,
,,,,cimpey1h,tpulhoster1h,adavidovici1h,
,,,,,,,
,,rstannas1j@addtoany.com,mrooksby1j@last.fm,,,,
,,,,,,,63 Sachs Way
,,,,,,,
,,taizikovitch1m@sciencedaily.com,bflatte1m@umich.edu,,,,
+30 (603) 204-7022,182-647-8347,myosselevitch1n@usatoday.com,jcassley1n@i2i.jp,,,,
,,sballing1o@youtu.be,mfarraway1o@so-net.ne.jp,mhumby1o,gbeacham1o,ycolaco1o,
,,emckeachie1p@themeforest.net,hkobus1p@wiley.com,bsoden1p,rbushby1p,ogoman1p,
,,fgyurkovics1q@wordpress.com,jskule1q@guardian.co.uk,tstolworthy1q,sjoules1q,malpine1q,
,,doutright1r@spiegel.de,rroz1r@tripadvisor.com,,,,202 Nova Pass
,,pstatter1s@w3.org,fheffer1s@ask.com,,,,823 Burning Wood Avenue
,,kdendon1t@narod.ru,akermeen1t@techcrunch.com,,,,
,,cjeanel1u@topsy.com,jdeplacido1u@bandcamp.com,,,,
,,thubble1v@behance.net,tsahlstrom1v@usnews.com,,,,
+33 (626) 992-8827,525-251-7103,pcotterrill1w@chronoengine.com,acoite1w@webs.com,,,,549 Redwing Terrace
,,rroubay1x@nhs.uk,fdanielsky1x@google.co.uk,,,,6 Clyde Gallagher Place
,,awhelband1y@last.fm,ogreensall1y@networkadvertising.org,oheningham1y,rgilbeart1y,jstubbes1y,
+86 (168) 376-0418,607-491-5059,cbennett1z@booking.com,fyarnley1z@examiner.com,dstaves1z,hhacaud1z,iearly1z,9 Park Meadow Point
,,wravenhills20@feedburner.com,ihaswell20@facebook.com,mphilipsson20,mkenforth20,fupex20,
,,rwozencraft21@army.mil,fcoenraets21@nifty.com,,,,44576 Logan Park
,,rmellem22@cmu.edu,jschellig22@webs.com,mbony22,btreanor22,jgreally22,00101 Main Alley
+48 (214) 405-0042,918-778-3413,rfoot23@google.com.hk,cshewon23@guardian.co.uk,cmckeaveney23,amccrisken23,bduffree23,
,,,,,,,
,,,,,,,
,,,,usambeck26,fmyall26,mcuttelar26,
+62 (584) 528-1780,512-253-9698,olouche27@weebly.com,tamar27@washington.edu,,,,30 Sutteridge Pass
,,yhagerty28@princeton.edu,jbrackstone28@google.com.hk,,,,
,,ssewley29@pbs.org,jcardnell29@blogs.com,,,,73 Paget Parkway
,,lpiers2a@t-online.de,erubens2a@elpais.com,,,,940 Stuart Crossing
,,,,,,,668 Basil Court
,,rkelinge2c@wiley.com,cnunn2c@google.com.hk,,,,960 Marcy Trail
,,eflay2d@rambler.ru,alidgley2d@so-net.ne.jp,,,,62719 West Place
,,mgatfield2e@wufoo.com,wbehnecke2e@usgs.gov,lhastilow2e,gchecklin2e,mniles2e,156 Colorado Circle
,,jcrandon2f@youku.com,pchaffer2f@theguardian.com,aguitte2f,vlivingston2f,apacher2f,
,,bnehls2g@mozilla.com,arozzier2g@vk.com,,,,
,,,,,,,22981 Milwaukee Lane
,,,,,,,
,,mentwistle2j@feedburner.com,ngravener2j@dedecms.com,lcastagne2j,rmateu2j,bmaass2j,02229 Leroy Trail
+1 (330) 385-6901,849-378-0278,jjon2k@blinklist.com,lmcglashan2k@soup.io,abotton2k,bramsted2k,ihanssmann2k,
,,dboggon2l@com.com,sluetchford2l@blogger.com,hvonwelden2l,trapp2l,bphythien2l,53 Dottie Road
,,caylen2m@ask.com,rbryan2m@godaddy.com,vduke2m,epietzke2m,smarshal2m,
,,screigan2n@ebay.com,lallwright2n@ycombinator.com,anestor2n,jconechie2n,tjoberne2n,9 Coleman Junction
,,,,igoldstein2o,alinfitt2o,ldobbyn2o,
+55 (457) 880-9569,762-664-7241,lnorvill2p@feedburner.com,hdearnaley2p@blogtalkradio.com,,,,
,,,,,,,
,,djovovic2r@wufoo.com,achilver2r@ft.com,,,,2 Hansons Way
,,hnicely2s@skype.com,tlambersen2s@cyberchimps.com,,,,
+62 (915) 896-2437,133-823-5520,rtimbridge2t@auda.org.au,mdussy2t@wix.com,dkeoghan2t,eitzcovich2t,dglide2t,
,,pmackeague2u@hhs.gov,lgreenhall2u@altervista.org,,,,820 Quincy Road
,,hfareweather2v@marketwatch.com,skuhn2v@ovh.net,,,,93416 Sachs Court
,,fgofton2w@cloudflare.com,cswateridge2w@scientificamerican.com,,,,7553 Barnett Lane
,,ibourgeois2x@feedburner.com,gmatiasek2x@cornell.edu,,,,
+55 (135) 625-9323,976-382-9422,sgeke2y@gmpg.org,rfairbank2y@twitpic.com,,,,
+62 (502) 599-8941,997-147-1323,jambrosetti2z@mashable.com,mvinck2z@theglobeandmail.com,,,,
,,hmonson30@vistaprint.com,dmallindine30@baidu.com,,,,
,,uriccardo31@com.com,ymorford31@loc.gov,,,,
,,wshenfisch32@theatlantic.com,mspringthorpe32@i2i.jp,,,,
,,gsexton33@techcrunch.com,hgarland33@nytimes.com,,,,
,,pgabbetis34@nps.gov,ftrelease34@opera.com,,,,
,,oblofeld35@ft.com,aivasechko35@google.it,,,,3 Fulton Pass
+1 (424) 849-9596,167-186-3751,,,,,,42 Nova Point
,,asnoday37@tripod.com,gludewig37@acquirethisname.com,mshimoni37,mzupa37,mbelfrage37,7122 Village Green Road
,,vandrioli38@sphinn.com,drickford38@naver.com,,,,437 Hallows Center
,,,,lallen39,fhanretty39,bibbitt39,1 Hayes Lane
,,cmendez3a@forbes.com,tendricci3a@ebay.co.uk,,,,
,,,,,,,
+63 (276) 983-3849,810-417-6289,,,,,,0269 Annamark Road
+86 (449) 271-2005,140-338-4774,,,rhallad3d,wtipper3d,kmcconnell3d,
,,,,,,,7 Summit Drive
,,cdallinder3f@bloglines.com,nsimner3f@1und1.de,,,,
,,jbidmead3g@wordpress.com,ssimner3g@slideshare.net,,,,
,,,,,,,
,,trime3i@bloglines.com,kiacovielli3i@unesco.org,vparslow3i,slavigne3i,lattrie3i,
,,nfordham3j@imgur.com,nkippling3j@disqus.com,,,,04108 Clarendon Place
+351 (244) 407-7155,948-968-6319,lbountiff3k@nps.gov,raxston3k@irs.gov,zgrayston3k,egarrals3k,lstqueintain3k,
+46 (829) 464-7230,940-448-0853,ktookey3l@zimbio.com,ahaythorne3l@prnewswire.com,,,,9182 Eastwood Road
,,crudolph3m@wikipedia.org,dheijnen3m@si.edu,dstear3m,treubel3m,tattewell3m,
,,,,goxe3n,mhavile3n,iperutto3n,
,,dlavers3o@opensource.org,frobbe3o@sogou.com,,,,
+27 (203) 772-7170,119-829-7573,ctitcomb3p@hubpages.com,rnaerup3p@cisco.com,ibryson3p,gcoldtart3p,gchurchouse3p,9197 Crescent Oaks Crossing
,,dgerriet3q@statcounter.com,bjefferd3q@army.mil,ccockshut3q,bdezuani3q,gnorthage3q,
,,msummerley3r@amazon.co.jp,mwhittall3r@wufoo.com,,,,
,,ckunisch3s@imdb.com,agroveham3s@tripadvisor.com,,,,
+52 (882) 598-7255,821-556-3107,scorris3t@github.io,nbrozsset3t@uol.com.br,,,,
+33 (121) 944-6580,478-186-1017,,,,,,
+420 (488) 396-0538,961-284-1036,,,,,,
,,dconneau3w@privacy.gov.au,dwedmore3w@youtu.be,mgrass3w,pdegan3w,csparshutt3w,
,,lbowller3x@ucoz.com,tlindblom3x@google.fr,,,,47133 Merry Place
,,gatwater3y@berkeley.edu,ularwell3y@japanpost.jp,,,,
+1 (108) 586-3243,113-372-9448,hnodes3z@ocn.ne.jp,dgath3z@cdc.gov,,,,
,,ybather40@storify.com,mkoeppe40@time.com,,,,9 Loeprich Street
,,agrievson41@gnu.org,bidell41@ocn.ne.jp,,,,
,,,,pbehrendsen42,omalden42,dsmead42,
,,bfisk43@miitbeian.gov.cn,kclayworth43@geocities.com,,,,
,,,,,,,
,,mlayfield45@reuters.com,mputman45@si.edu,kkendal45,gbaldin45,trodie45,
,,cfalvey46@businessinsider.com,seddisforth46@springer.com,,,,
,,bvandenhof47@uol.com.br,dlumpkin47@nasa.gov,aforbes47,bbratton47,imackim47,
+598 (275) 730-0433,182-267-6085,anears48@rakuten.co.jp,lkobierzycki48@istockphoto.com,,,,
+7 (960) 955-0302,620-654-4007,jtrundell49@sun.com,semms49@godaddy.com,,,,
,,,,aferri4a,oleah4a,hbalmadier4a,063 Sullivan Crossing
,,mclipsham4b@t.co,mderycot4b@51.la,,,,
,,,,sjosofovitz4c,pciccotto4c,nargente4c,
+30 (968) 447-3916,260-861-5891,mmuston4d@techcrunch.com,mlazenbury4d@nydailynews.com,,,,
,,eforrington4e@usda.gov,imoralas4e@vk.com,,,,
,,mfransewich4f@eepurl.com,spollastrino4f@nature.com,,,,1093 1st Crossing
,,ckarczinski4g@nps.gov,ehubert4g@go.com,,,,
,,csibbering4h@nsw.gov.au,hdayborne4h@ezinearticles.com,,,,
,,rpinner4i@scribd.com,aculmer4i@sciencedaily.com,,,,9 Moland Hill
,,rminette4j@globo.com,agoady4j@cam.ac.uk,,,,
,,wrogerot4k@mayoclinic.com,bcaddick4k@ustream.tv,,,,
,,jtumielli4l@un.org,mhabben4l@narod.ru,,,,
,,rwebbbowen4m@php.net,gwhordley4m@technorati.com,fianni4m,klangsbury4m,csurmeyers4m,
,,,,,,,
,,lharriagn4o@networksolutions.com,tchaperlin4o@ycombinator.com,,,,
+86 (601) 224-1181,279-120-0280,cinseal4p@ustream.tv,tzealy4p@omniture.com,sezzell4p,amccathie4p,lbonnar4p,
,,vcreak4q@biglobe.ne.jp,chellwing4q@baidu.com,,,,
,,,,bchapiro4r,abrushfield4r,rgomersall4r,
,,redmott4s@rakuten.co.jp,rkroger4s@marriott.com,,,,
,,pmaffetti4t@noaa.gov,dparmer4t@1und1.de,,,,694 Lakeland Parkway
,,abiasio4u@independent.co.uk,gzeal4u@sun.com,,,,
,,flawley4v@tuttocitta.it,fchurchyard4v@sfgate.com,,,,
,,,,,,,
+86 (324) 824-8112,996-827-2554,bluckett4x@soup.io,utallent4x@wisc.edu,,,,
,,scordelet4y@goo.gl,cburley4y@google.com.hk,lscuse4y,cfullbrook4y,tivashnyov4y,
,,hjorcke4z@devhub.com,llaurenson4z@smugmug.com,,,,
,,,,,,,0537 Stoughton Park
,,aleek51@harvard.edu,jabotson51@about.me,,,,
,,lgrimley52@yandex.ru,dcowherd52@mayoclinic.com,,,,
,,jcritchlow53@google.co.uk,dtrowill53@auda.org.au,zbennett53,deasthope53,clovell53,
+86 (634) 961-3924,412-426-9259,cpesticcio54@wordpress.com,slikely54@ustream.tv,,,,
,,dinchbald55@sfgate.com,mcottie55@digg.com,,,,18920 Gale Plaza
,,csheffield56@noaa.gov,mbontein56@mail.ru,ncoxen56,josmint56,ateall56,
,,gwellbeloved57@google.co.uk,sjakeman57@fema.gov,,,,2265 Roth Parkway
,,icrallan58@acquirethisname.com,arecke58@usgs.gov,sgouda58,emoney58,mdugue58,
,,teiler59@hc360.com,chirjak59@craigslist.org,,,,2710 Westend Hill
,,vvasquez5a@symantec.com,ameech5a@fema.gov,,,,46 Pawling Pass
,,,,dbeaver5b,lharbin5b,sstillman5b,
+46 (379) 536-4216,610-756-7238,,,,,,04341 Cambridge Pass
,,etirkin5d@skyrock.com,amaccree5d@csmonitor.com,,,,6 Prairieview Center
,,rdougherty5e@elpais.com,kgilham5e@skype.com,,,,
,,eturgoose5f@51.la,shaines5f@prnewswire.com,,,,
,,gburns5g@drupal.org,rwedge5g@yellowbook.com,hgoldhawk5g,aharston5g,klidster5g,1134 Ludington Pass
,,rklimp5h@examiner.com,kphetteplace5h@google.it,,,,408 Golden Leaf Circle
,,swidmore5i@t-online.de,lburndred5i@bloglovin.com,,,,
,,swaggatt5j@wordpress.org,jshallo5j@amazon.de,,,,
,,,,,,,07158 Nelson Avenue
,,gsacher5l@sciencedaily.com,fkenwood5l@csmonitor.com,,,,99087 Jenna Hill
,,bdenman5m@economist.com,wyesichev5m@feedburner.com,shuett5m,jinker5m,cneve5m,
,,lhumm5n@naver.com,hwhickman5n@delicious.com,,,,8184 Bobwhite Drive
+33 (429) 820-5565,408-428-5859,laaronsohn5o@army.mil,cberthomieu5o@cnbc.com,abonett5o,rnorkutt5o,ccattell5o,
,,wlovell5p@icio.us,jpettingall5p@auda.org.au,kpresnall5p,sferreiro5p,vgason5p,32950 Arrowood Hill
,,cprobet5q@sakura.ne.jp,thucke5q@home.pl,,,,
,,bbackshell5r@go.com,ramaya5r@cbc.ca,,,,
+33 (918) 636-2849,348-949-4280,,,,,,
,,charvard5t@mac.com,ipadden5t@instagram.com,ckeable5t,minglese5t,jmctague5t,7 Carey Parkway
,,,,cblunsen5u,jcecely5u,mfitter5u,
,,pellcome5v@hud.gov,hdebrett5v@xing.com,adurand5v,aissakov5v,erosenau5v,
,,cilyushkin5w@weibo.com,jbessett5w@wikia.com,,,,
,,fterron5x@issuu.com,ipeart5x@tripod.com,fepiscopi5x,cmchale5x,gbarszczewski5x,
,,alitherborough5y@comcast.net,brochford5y@gnu.org,mhumbert5y,lsmallbone5y,jasser5y,
,,fchong5z@indiegogo.com,jfirpi5z@go.com,,,,
,,gdowrey60@tiny.cc,sattenburrow60@dell.com,,,,
,,asifleet61@phpbb.com,ualleyn61@nature.com,,,,
,,dtolworth62@qq.com,bheddon62@yandex.ru,,,,
,,rgadault63@cdbaby.com,cpopplewell63@house.gov,ldewberry63,dquadrio63,chealks63,
,,cmusgrave64@instagram.com,sparkey64@hostgator.com,jchristophle64,mdeeny64,tograda64,27 South Hill
+33 (482) 931-7390,348-353-7638,aenbury65@goo.gl,rphelps65@cam.ac.uk,,,,
,,dkiernan66@oracle.com,sthurby66@jalbum.net,jmatusovsky66,mdebullion66,slearned66,914 Knutson Hill
+352 (881) 256-2896,255-394-8758,ljenckes67@whitehouse.gov,kedmott67@joomla.org,,,,187 Thompson Pass
,,maleksandrikin68@home.pl,gjackways68@homestead.com,,,,
,,dwaylen69@salon.com,fblakeman69@ca.gov,,,,
,,,,npaschke6a,amcgowan6a,lfynn6a,
,,tbiers6b@naver.com,dmully6b@hc360.com,,,,4 Oakridge Center
,,jkaemena6c@sciencedaily.com,eschwant6c@prweb.com,,,,
+267 (298) 302-3165,629-714-1286,wkitteringham6d@unesco.org,ryushankin6d@omniture.com,,,,
,,ipalffy6e@homestead.com,tstorror6e@jalbum.net,,,,223 Acker Road
,,pmclennan6f@indiatimes.com,jfattori6f@fc2.com,cmccroary6f,smalicki6f,gmarchington6f,98 Barnett Point
+351 (721) 893-6054,207-227-5616,ccyseley6g@washingtonpost.com,zshingler6g@state.tx.us,mbeaven6g,ewilleson6g,gcharter6g,
,,cbrackpool6h@discuz.net,mblamires6h@yellowpages.com,seadington6h,ctift6h,rcarles6h,42473 Evergreen Place
,,gclayden6i@nytimes.com,iorrom6i@jimdo.com,blardnar6i,iprisk6i,eferruzzi6i,
,,kcuthbertson6j@fda.gov,jcroney6j@ft.com,tgundry6j,rwaring6j,ksmith6j,
,,egerardot6k@ihg.com,cguillond6k@examiner.com,,,,9 Macpherson Plaza
+86 (313) 133-1619,108-588-7343,rcrady6l@google.com.br,jpocke6l@plala.or.jp,ltwentyman6l,itunnadine6l,dkarpe6l,
,,mpicopp6m@hhs.gov,fduffet6m@loc.gov,,,,3 Lukken Place
+55 (410) 358-8778,494-846-8008,,,,,,
,,amadgwick6o@tmall.com,abiesinger6o@aboutads.info,,,,15249 Sheridan Drive
,,rbyrch6p@reverbnation.com,gbuttrum6p@ibm.com,,,,
,,pponton6q@illinois.edu,jbritcher6q@nationalgeographic.com,,,,9757 Meadow Vale Lane
,,akirman6r@bravesites.com,hpetrasso6r@youtube.com,,,,
,,,,,,,28 Corry Point
,,,,,,,888 Lakewood Hill
+30 (189) 866-3838,678-115-8672,fdubose6u@blogger.com,tferne6u@arizona.edu,,,,32 Mitchell Crossing
+86 (599) 396-3850,546-964-8681,,,,,,
+33 (782) 193-5617,940-707-9822,abladen6w@qq.com,mcramp6w@smh.com.au,ahickisson6w,kkeys6w,stroman6w,0455 Mallory Park
,,fbrun6x@marketwatch.com,ddeleek6x@booking.com,,,,
,,jailsbury6y@upenn.edu,gtofanini6y@fda.gov,,,,3 Rowland Park
,,gjepensen6z@vimeo.com,owoodard6z@xrea.com,,,,22 7th Junction
,,agalloway70@squidoo.com,rhuckerby70@gmpg.org,,,,
,,,,,,,6 Linden Place
,,lpawlowicz72@blogs.com,ddelboux72@shop-pro.jp,dyitzovicz72,lgobeaux72,bfiggen72,
,,lleeds73@umn.edu,hsalman73@wordpress.org,,,,144 Mallory Hill
+976 (142) 671-5638,770-912-4673,bcornish74@exblog.jp,wchasteau74@pen.io,,,,2647 Rutledge Junction
,,,,,,,
+86 (819) 622-1549,562-106-9706,mholywell76@yolasite.com,crumney76@weather.com,,,,
,,,,,,,
+420 (449) 817-8282,619-551-1866,kyegorshin78@ihg.com,rlaviste78@netlog.com,mpaeckmeyer78,molley78,flightbourn78,
+55 (313) 846-4565,859-904-2043,nwhines79@irs.gov,elanahan79@webmd.com,ssambell79,cbarnes79,pcotillard79,
,,,,,,,
,,boscollee7b@mapy.cz,wsnoddy7b@cargocollective.com,krickardsson7b,wmccluney7b,aguppey7b,
,,bcasel7c@yahoo.co.jp,mbullers7c@themeforest.net,tdanielot7c,gcoggill7c,msirman7c,
,,myaus7d@slashdot.org,agleasane7d@un.org,,,,8625 Crescent Oaks Way
,,isadat7e@latimes.com,ableakley7e@addtoany.com,,,,03 Clyde Gallagher Circle
,,fhabbes7f@cafepress.com,bespinazo7f@cpanel.net,,,,4669 Paget Way
,,lpeltzer7g@paginegialle.it,upottes7g@cargocollective.com,avolker7g,apresho7g,sheliet7g,61 Graedel Road
,,lbuckenham7h@apple.com,wkobelt7h@columbia.edu,,,,
,,nmcwhorter7i@usda.gov,shubble7i@desdev.cn,,,,
+66 (317) 620-8323,727-585-6433,oswan7j@instagram.com,ghassett7j@gravatar.com,,,,5 Namekagon Crossing
,,,,tcottom7k,nsnazel7k,bdavidek7k,5 West Avenue
,,fdilrew7l@gmpg.org,njanos7l@wikipedia.org,,,,543 Porter Court
,,mdollard7m@com.com,dcroxton7m@sogou.com,,,,
,,mbarczynski7n@mit.edu,zdominguez7n@taobao.com,gceresa7n,evannucci7n,gprestidge7n,6359 Hooker Way
,,bromei7o@g.co,sdanilov7o@ustream.tv,,,,523 Arizona Plaza
,,fmenco7p@cocolog-nifty.com,rverner7p@shinystat.com,bworsnop7p,rriccardo7p,skinkead7p,432 Crescent Oaks Place
,,rcolbeck7q@usa.gov,greucastle7q@smh.com.au,,,,
,,bparlatt7r@w3.org,jallatt7r@sciencedirect.com,,,,
+351 (405) 378-5117,939-788-0876,bsmyley7s@ustream.tv,wtossell7s@joomla.org,,,,
,,npatzelt7t@home.pl,hturbat7t@loc.gov,,,,
+20 (899) 497-7362,305-145-4602,mkarlolak7u@hostgator.com,jparcell7u@surveymonkey.com,,,,
,,csinisbury7v@nps.gov,umatteuzzi7v@ehow.com,,,,7 Shasta Street
,,,,,,,
+506 (444) 381-8798,882-659-8475,dskyrm7x@google.nl,lohalleghane7x@ebay.com,drisby7x,kbeddoe7x,hneighbour7x,
+234 (416) 959-5517,663-696-2393,hfowlie7y@feedburner.com,kcaret7y@globo.com,llekeux7y,fscoble7y,aschlag7y,859 Prentice Road
,,rorder7z@ucoz.ru,hworks7z@yandex.ru,,,,
+54 (124) 496-4983,880-424-8122,ecameron80@mtv.com,bdudden80@biblegateway.com,,,,
,,tpeacey81@ihg.com,lstobbie81@noaa.gov,,,,9226 Lien Lane
,,ttroup82@amazon.de,tfalconbridge82@mit.edu,wash82,fcosgrave82,mabden82,83256 Kim Junction
+86 (987) 833-3105,299-819-9254,doldis83@alibaba.com,nmcffaden83@utexas.edu,klinney83,mjamrowicz83,wshirley83,673 Corry Parkway
,,rlavallin84@themeforest.net,nbelchamp84@kickstarter.com,,,,
,,,,,,,
,,rthrift86@techcrunch.com,cmaccole86@wunderground.com,,,,
,,lmixer87@smugmug.com,fmulliss87@nydailynews.com,rvause87,bgorton87,drotte87,
,,ddagostini88@deviantart.com,wfrondt88@amazon.co.jp,,,,
,,dwillmott89@who.int,dhowford89@icio.us,,,,
,,cdurden8a@pinterest.com,fgauchier8a@ucoz.com,,,,
,,zmacourek8b@nbcnews.com,chaggar8b@sourceforge.net,,,,
,,,,cthurnham8c,dfrie8c,blorriman8c,52872 Northview Trail
,,,,,,,
+46 (331) 159-1965,630-346-9674,esoutherell8e@uiuc.edu,hrao8e@wikia.com,,,,78629 Anderson Lane
,,gvasilyevski8f@msn.com,ahatchard8f@yellowpages.com,bbretherick8f,jsuller8f,mbulmer8f,550 Riverside Court
+51 (236) 112-9273,437-520-3384,bkitchingman8g@ustream.tv,opietrowicz8g@1688.com,chaselgrove8g,pmcparlin8g,gclymo8g,
,,tcreane8h@ycombinator.com,ssennett8h@odnoklassniki.ru,,,,
,,bhaggart8i@princeton.edu,wthurman8i@opera.com,,,,
,,,,fmeasham8j,yoldmeadow8j,mcribbin8j,
,,eaddams8k@homestead.com,cbadham8k@so-net.ne.jp,lditty8k,kgrahamslaw8k,adibben8k,
,,wlampke8l@zdnet.com,creeman8l@phpbb.com,,,,
,,diacavone8m@cornell.edu,nhatwells8m@webmd.com,cwhatling8m,cvanzon8m,acameron8m,01 Cascade Pass
,,rleivesley8n@wikimedia.org,fklimt8n@privacy.gov.au,,,,286 Di Loreto Avenue
,,pwarsop8o@adobe.com,alarsen8o@wordpress.com,,,,9585 Pankratz Street
,,llilleycrop8p@quantcast.com,njaray8p@tamu.edu,,,,4805 Badeau Road
,,ahoyt8q@geocities.com,lpetronis8q@abc.net.au,,,,
,,smatiashvili8r@jugem.jp,klawes8r@baidu.com,pseviour8r,jcramp8r,ntomaszczyk8r,
,,mventuroli8s@yale.edu,dmcowis8s@cafepress.com,,,,713 Huxley Trail
,,fbinding8t@facebook.com,tteresse8t@geocities.jp,,,,
,,chighton8u@php.net,lgurdon8u@imdb.com,,,,
,,dronald8v@dailymail.co.uk,divell8v@ebay.co.uk,,,,29 High Crossing Avenue
,,bmiskelly8w@globo.com,lsongust8w@spotify.com,jrubinow8w,agreenin8w,skoppke8w,
,,lsaffin8x@shareasale.com,eflounders8x@hp.com,,,,
,,abindon8y@chicagotribune.com,tmacritchie8y@alibaba.com,bhovee8y,mjohann8y,hpenelli8y,
,,edoogan8z@go.com,okillough8z@bing.com,,,,546 Eagle Crest Park
+7 (204) 399-7712,682-468-7183,dlau90@cargocollective.com,sbodycote90@amazon.co.uk,,,,
,,dsterland91@com.com,lmines91@newsvine.com,pfullerton91,rsilvester91,ccatlette91,617 Canary Avenue
,,tingrem92@technorati.com,nsammon92@addtoany.com,,,,9108 Bunting Park
,,ssmylie93@loc.gov,wsoppitt93@nydailynews.com,qvanniekerk93,sstoffler93,ageare93,
+370 (610) 389-1099,848-903-9348,trewcassell94@reddit.com,kbatecok94@hexun.com,mdourin94,mmckinnon94,cghidoni94,1359 Messerschmidt Terrace
,,lmclaren95@wix.com,dkleinhaut95@unblog.fr,,,,
+965 (632) 353-1049,580-404-8029,clemin96@about.me,amarkwell96@quantcast.com,,,,
,,rkreuzer97@bandcamp.com,anaismith97@prnewswire.com,ssapsford97,jauchinleck97,nbrandli97,
,,wfrotton98@naver.com,cgrosvenor98@homestead.com,,,,
,,lquig99@bloglines.com,rhakewell99@paginegialle.it,rdillingham99,sdurning99,cpitsall99,3316 Bluejay Trail
,,hcobbe9a@mtv.com,hshoebrook9a@opensource.org,,,,9413 Waxwing Hill
,,docrotty9b@forbes.com,hkerkham9b@de.vu,,,,1 Welch Street
,,pchristofides9c@nih.gov,avlahos9c@ft.com,,,,47 Kingsford Park
,,,,,,,588 Lotheville Place
,,rphilpott9e@walmart.com,akearn9e@elpais.com,,,,
,,jdarthe9f@spotify.com,tludwell9f@wunderground.com,tmilby9f,tboydle9f,agonnel9f,72121 Gerald Street
+54 (599) 869-7238,988-462-1965,pbroster9g@pbs.org,iibbeson9g@ehow.com,cnewberry9g,ktreadgold9g,escorey9g,
+62 (153) 109-3104,730-767-9757,ebranson9h@google.ca,fdyett9h@constantcontact.com,,,,
,,ccancelier9i@vk.com,hburstowe9i@ycombinator.com,dpietz9i,champson9i,bcolliford9i,
,,kpargeter9j@whitehouse.gov,igerhold9j@hostgator.com,sspread9j,cbyllam9j,uvandale9j,
+86 (982) 418-6392,996-158-6827,emanson9k@seattletimes.com,meleshenar9k@rambler.ru,,,,44 Lake View Way
,,nburbridge9l@timesonline.co.uk,vlankham9l@macromedia.com,,,,
,,thavercroft9m@vinaora.com,kdrain9m@miibeian.gov.cn,,,,
,,obennike9n@netvibes.com,scruce9n@google.com,,,,
,,,,tkeay9o,ydecopeman9o,atesdale9o,
,,kstarbuck9p@va.gov,lglisenan9p@tinyurl.com,isauven9p,jmulqueeny9p,hkemetz9p,698 Laurel Drive
,,gbidwell9q@amazonaws.com,sanstee9q@irs.gov,gjimmes9q,ckniveton9q,ajochanany9q,
,,mchamperlen9r@privacy.gov.au,sjeste9r@sourceforge.net,qmountlow9r,phawtrey9r,kfontelles9r,
,,,,,,,5814 Memorial Hill
,,cmanoelli9t@vkontakte.ru,mquincey9t@marriott.com,,,,
,,sagent9u@1688.com,vspall9u@indiegogo.com,,,,
,,oboas9v@prlog.org,dbartrop9v@phpbb.com,,,,3 Logan Parkway
,,skneeland9w@ucoz.com,sbrobak9w@example.com,,,,
,,,,,,,2 Erie Terrace
,,,,,,,
,,klosseljong9z@epa.gov,djamary9z@purevolume.com,,,,
,,jsimiolia0@sciencedirect.com,jpoetza0@tinyurl.com,,,,5 Surrey Terrace
,,lsloraa1@aboutads.info,fcristobala1@livejournal.com,,,,
,,etenbya2@tripod.com,nshreevea2@msn.com,,,,
+81 (241) 797-1323,274-357-4984,bmingueta3@symantec.com,lramsdena3@europa.eu,mfeifera3,ccliffta3,adoumerca3,26 Del Mar Court
,,akindlesidea4@blog.com,wandreoua4@slashdot.org,,,,
,,dhodintona5@opensource.org,vcondicta5@cdbaby.com,,,,2 Banding Hill
,,aluchettia6@networksolutions.com,mmalliaa6@mapy.cz,,,,
+1 (212) 701-5005,818-309-8033,afirmagea7@hibu.com,ccrostona7@qq.com,,,,130 Glacier Hill Avenue
,,,,,,,
,,nsavegea9@cocolog-nifty.com,kletchforda9@goo.ne.jp,,,,0 Pearson Street
,,,,,,,3 Killdeer Way
,,gfairclothab@eventbrite.com,adellabbateab@walmart.com,,,,
,,lchasneyac@sakura.ne.jp,omallabyac@shinystat.com,gwornumac,etruswellac,wlinekerac,
,,,,,,,8 Forest Center
,,claterzaae@domainmarket.com,dwasmerae@purevolume.com,,,,
,,,,lhalpinaf,pspuffardaf,joglassaneaf,
+359 (686) 958-6857,423-287-7499,jhelliarag@friendfeed.com,cgossageag@prweb.com,glaundonag,ldelaperrelleag,mspringerag,
+855 (298) 338-3378,529-733-7956,hproshah@ucoz.com,rcluelowah@mac.com,iferribyah,kclaricoatsah,tscreatonah,597 Lerdahl Lane
,,ssunnersai@jalbum.net,cwillavoysai@shinystat.com,,,,57151 Carioca Court
,,rmenataj@dedecms.com,bfranzonettiaj@shinystat.com,,,,
,,hlegriceak@smh.com.au,gleeburnak@netscape.com,cpopplestonak,klambak,hoxxak,
,,hwestbrookal@pen.io,pdunsal@omniture.com,,,,623 Tennessee Center
,,gpetherickam@berkeley.edu,adefewam@scientificamerican.com,,,,
,,dmcgaugeyan@istockphoto.com,ashuteran@opera.com,,,,
,,treinersao@chron.com,lkenzieao@disqus.com,,,,72626 Mesta Way
+51 (635) 662-9585,301-324-4637,gbuschap@netlog.com,jfrickap@senate.gov,,,,
,,cblackalleraq@hugedomains.com,koconnellaq@umich.edu,,,,
,,,,,,,
,,amoynihanas@sitemeter.com,gschapiroas@opensource.org,,,,282 Butternut Crossing
,,kmcwhanat@weibo.com,ibosherat@gnu.org,mtuleyat,lidillat,eitscowiczat,
,,hwaddyau@digg.com,lmattsau@is.gd,,,,218 Maywood Court
,,,,ppenniniav,dcarmontav,nhundellav,34113 Quincy Plaza
,,gmackenneyaw@e-recht24.de,astanbraaw@businesswire.com,,,,
,,pkeyzorax@census.gov,schomickiax@hubpages.com,dcharterax,bedgintonax,bgawthorpax,
+86 (345) 628-6138,431-102-7049,dmandrakeay@gizmodo.com,tfoyay@gizmodo.com,,,,
,,smarchisoaz@rediff.com,lmillhillaz@cpanel.net,rwardropaz,cdrinnanaz,swollandaz,6605 Milwaukee Pass
,,lclarycottb0@dot.gov,bguirardinb0@kickstarter.com,,,,69 Stone Corner Road
,,blenhamb1@arstechnica.com,mmckilroeb1@boston.com,,,,3774 High Crossing Place
,,nbarffordb2@tripod.com,cbolingbrokeb2@storify.com,,,,
,,bbuchanb3@narod.ru,jtatlockb3@icq.com,jdavleyb3,oseacroftb3,halmonb3,
,,hstuttmanb4@xrea.com,zhoverb4@google.com.br,,,,
+48 (768) 377-8563,315-539-9394,phobleb5@amazonaws.com,djumelb5@51.la,hgandyb5,sputtrellb5,mgilbeartb5,52 Union Terrace
,,,,ckingshottb6,ncanfieldb6,pchezelleb6,
,,nbroderickb7@wsj.com,bstellmanb7@umn.edu,,,,
+503 (365) 640-7452,981-259-8281,rtremolletb8@arstechnica.com,lplumleyb8@php.net,pwhitneyb8,lbinfieldb8,abramwellb8,
,,bcarnsonb9@joomla.org,pclemb9@nytimes.com,,,,23577 Park Meadow Pass
,,cmcquodeba@cnn.com,gsitlingtonba@godaddy.com,,,,
+351 (934) 956-4063,691-748-6390,wmarkwickbb@howstuffworks.com,pgantzbb@tinyurl.com,,,,
,,fbeldhambc@ucsd.edu,edenisetbc@imdb.com,,,,08053 Springs Crossing
,,rrorkebd@state.tx.us,lblivenbd@fastcompany.com,,,,95960 Duke Avenue
,,bmalyjbe@discuz.net,tmencebe@google.nl,,,,3 Ludington Court
,,akoeppebf@last.fm,mcolletebf@jimdo.com,,,,
,,tseligsonbg@netscape.com,egiacoppobg@army.mil,,,,797 Arizona Center
,,tdurransbh@miitbeian.gov.cn,afidoebh@oracle.com,,,,
,,csymingtonbi@gizmodo.com,rfordybi@bloomberg.com,fmulqueenbi,mlabetbi,lbarthodbi,3018 Katie Terrace
,,pnarbettbj@newsvine.com,rridolfobj@china.com.cn,,,,
+63 (980) 934-4320,187-842-8921,lsinsonbk@google.co.uk,bcovinobk@google.co.uk,,,,
,,,,,,,492 Logan Drive
,,laldridgebm@miibeian.gov.cn,ttrytsmanbm@amazon.co.uk,,,,
,,vmcmoniesbn@wiley.com,lrosebothambn@slideshare.net,,,,
+351 (217) 617-1665,150-164-5075,ksofebo@unblog.fr,bhowlinbo@t-online.de,,,,
,,dmoncreiffebp@oakley.com,cbrambellbp@nydailynews.com,ppellewbp,vdobrowskibp,crosenbp,
,,ctuckeybq@flickr.com,sbeldhambq@nsw.gov.au,,,,
+84 (192) 791-2880,438-943-6161,ebickerstassebr@sfgate.com,sduddingbr@epa.gov,,,,
,,rgannbs@multiply.com,lgatissbs@ted.com,,,,
+970 (922) 230-7631,547-386-5068,dmosenbt@yale.edu,ileneybt@weibo.com,pemansonbt,nheinschkebt,bbullarbt,3 Kensington Point
+86 (388) 686-7553,683-431-6099,cdoornbosbu@live.com,rnaisbitbu@google.cn,,,,
,,gdonebv@diigo.com,cfarnhambv@forbes.com,,,,
+31 (236) 911-1215,399-588-3995,haspallbw@ox.ac.uk,bbenettellibw@miibeian.gov.cn,,,,
+86 (503) 150-8357,690-710-1042,eextallbx@pcworld.com,pjuppebx@ucsd.edu,nhousonbx,pbecerilbx,avickerybx,
,,hwillmontby@ihg.com,ehubbleby@unc.edu,,,,144 Chive Road
+33 (588) 224-1415,294-625-0598,mprimettbz@tiny.cc,ralbrightonbz@moonfruit.com,,,,
,,gduhamelc0@sakura.ne.jp,lklugelc0@plala.or.jp,,,,
,,gstanboroughc1@reddit.com,dmactimpanyc1@a8.net,lclubleyc1,gpetrolc1,lbromec1,781 Miller Lane
,,mhiblingc2@craigslist.org,mbalsdonec2@behance.net,fghilardinic2,gcaneyc2,tespinc2,
,,zcherringtonc3@apache.org,ldewarc3@mashable.com,,,,
+1 (901) 624-6968,228-992-4397,dwillansc4@netlog.com,rraeburnc4@house.gov,,,,
,,mbatterbeec5@usnews.com,rphysickc5@ox.ac.uk,sbartlemanc5,jmaccostoc5,llorkingc5,0793 Barnett Terrace
+7 (702) 668-1521,198-115-3408,amoyec6@dmoz.org,ppriorc6@ycombinator.com,,,,
,,chouseagoc7@artisteer.com,wdanilewiczc7@wordpress.com,mbentamec7,walsterc7,cletcherc7,210 North Plaza
,,fedgerc8@adobe.com,arozierc8@europa.eu,,,,
,,,,,,,
,,bkeatleyca@acquirethisname.com,cvalentineca@1688.com,,,,059 Grover Road
,,alowdhamcb@printfriendly.com,jbartzencb@reuters.com,,,,
+86 (833) 603-6716,340-297-1501,,,,,,
,,bcerithcd@livejournal.com,jjandelcd@slideshare.net,,,,29245 Heffernan Road
,,llippce@salon.com,mpraterce@cbslocal.com,,,,93 Warrior Avenue
,,lshimukcf@cbsnews.com,cgatwardcf@reuters.com,,,,
,,,,tmarishenkocg,vembracg,poliveiracg,631 Holy Cross Point
,,xfonsoch@jiathis.com,ehydech@nifty.com,,,,87378 Hermina Center
,,,,,,,
,,ckiracj@guardian.co.uk,jiresoncj@mediafire.com,,,,2 Milwaukee Drive
,,fknollerck@godaddy.com,ztoddck@com.com,,,,0 Thackeray Court
,,apalffreycl@sciencedaily.com,dplestercl@paginegialle.it,esissoncl,mdemichetticl,jbasterfieldcl,
+856 (172) 884-3903,407-719-5927,bnorewoodcm@howstuffworks.com,brossocm@360.cn,cmcgookincm,dlammertscm,scolescm,2 Forest Circle
,,ccamachocn@google.nl,tdevercn@ask.com,,,,
,,bblasico@hugedomains.com,bmillco@behance.net,,,,
,,,,anuttingcp,kklimochkincp,ssilverlockcp,338 Derek Trail
,,,,,,,
,,rslimmcr@home.pl,cmcallencr@technorati.com,,,,11 Green Ridge Point
,,,,,,,
+63 (445) 599-0485,353-410-1739,gbeekenct@surveymonkey.com,wdefilippisct@phoca.cz,,,,
,,jdunderdalecu@google.com.br,cwasmuthcu@shareasale.com,ajacobowitscu,jjaeggicu,bkitcatcu,
,,,,aromaintcv,vloancv,dminchellcv,
,,ltriponcw@creativecommons.org,ldealycw@umn.edu,,,,
,,wfeldmancx@biglobe.ne.jp,fgilecx@mediafire.com,dchopincx,jcorrcx,abrassecx,508 Hoard Parkway
+55 (652) 240-8216,659-502-5709,amccloycy@cnbc.com,agrisardcy@aol.com,kgoodallcy,nestabrookcy,fbarchrameevcy,
,,lhancellcz@artisteer.com,ewarlandcz@ning.com,,,,
,,,,,,,957 Granby Road
,,clarhamd1@exblog.jp,bjacquemardd1@springer.com,,,,5510 Sloan Park
,,givantsovd2@tuttocitta.it,jostridged2@parallels.com,,,,7 Namekagon Street
+84 (136) 830-0098,373-982-1406,astempd3@newsvine.com,pscalad3@infoseek.co.jp,,,,
,,ayusupovd4@cornell.edu,esanbroked4@stanford.edu,,,,03 Farmco Plaza
,,,,,,,02 Barnett Drive
,,,,usharvilled6,amcgilvrayd6,slaylandd6,6 Loomis Pass
,,,,ngowrichd7,gstonbridged7,dchestnuttd7,
,,epatchingd8@domainmarket.com,ahutchenced8@gizmodo.com,,,,
,,,,rlandsbergd9,msomnerd9,jsongestd9,
,,cglowachda@histats.com,rautieda@godaddy.com,ggallahueda,wschollda,snorcliffeda,
,,klarderotdb@berkeley.edu,tcromiedb@kickstarter.com,dcockrendb,pbottonerdb,chalfhidedb,4 Victoria Place
,,aklugedc@etsy.com,claffandc@hexun.com,,,,05 Hagan Point
,,gbasondd@163.com,kokendendd@indiegogo.com,,,,11 Anhalt Lane
+86 (950) 926-4364,733-203-4818,bloweyde@trellian.com,hbabidgede@desdev.cn,,,,2174 Blue Bill Park Junction
,,clewisdf@ucoz.com,rguntherdf@jiathis.com,gtokelldf,dabrahamowitczdf,wfealydf,
+55 (103) 229-3473,749-892-7149,jrackstrawdg@google.pl,eliddingtondg@fastcompany.com,,,,
,,dsparshettdh@wp.com,vmitkindh@networksolutions.com,,,,4730 Drewry Center
,,tlogandi@howstuffworks.com,gallwelldi@prnewswire.com,frothdi,gterrelldi,eenricodi,5 Meadow Ridge Road
,,lstoyledj@economist.com,rfalkousdj@hp.com,,,,71 Maryland Hill
,,,,,,,
,,clyddiarddl@google.it,iashmoledl@admin.ch,,,,791 Dexter Place
,,jleonardedm@eventbrite.com,mrowbreydm@com.com,lsussamsdm,bdourisdm,ecauserdm,
,,jstandagedn@indiegogo.com,wlaugadn@cyberchimps.com,,,,
,,clurrimando@spiegel.de,jmctrustamdo@unicef.org,,,,
,,,,hcultchethdp,cthorneyworkdp,bundrilldp,
+33 (800) 619-1530,169-809-1952,smylandq@cisco.com,mgusneydq@goodreads.com,,,,83 Pierstorff Road
+20 (879) 489-2506,550-680-5235,rdousedr@tinyurl.com,cdawdarydr@51.la,,,,
,,iolivettids@hibu.com,daugustusds@addtoany.com,,,,5641 Muir Point
,,mcapeloffdt@oaic.gov.au,dbordesdt@ovh.net,,,,
,,dbroaderdu@livejournal.com,sfraserdu@tiny.cc,,,,588 Sommers Way
,,dfoulisdv@photobucket.com,halejandrodv@ucla.edu,,,,
,,eterransdw@booking.com,ihorseydw@va.gov,,,,
+7 (957) 582-3683,196-568-6560,qtredwelldx@lycos.com,ateesedx@adobe.com,,,,65160 Bashford Trail
+998 (642) 615-8019,615-205-4980,cmorandody@reuters.com,ypegdendy@forbes.com,,,,85160 Oak Valley Parkway
,,hiacobettodz@mtv.com,tkerssdz@github.com,zstychdz,pclivedz,mgouldstrawdz,
,,,,,,,9316 5th Street
,,dclaremonte1@netlog.com,ljaukovice1@mlb.com,,,,1148 Waubesa Crossing
,,dtolwoode2@nsw.gov.au,ldallye2@who.int,lhansille2,mzuenellie2,cclabburne2,
+86 (373) 846-2501,588-745-5735,ckelnere3@tumblr.com,dplacidee3@geocities.com,,,,42 Mccormick Street
+385 (327) 975-5875,639-322-7281,,,,,,2 2nd Way
,,khoyere5@fastcompany.com,rchaffere5@usa.gov,ygrottye5,cdoodye5,bscoullare5,
+234 (863) 444-8675,243-117-6994,kwoodthorpee6@addtoany.com,lwolperte6@nba.com,hsmeede6,wnesbitte6,dbutlerbowdone6,
,,mmaydwaye7@goo.ne.jp,niviee7@cdc.gov,,,,
+1 (601) 994-9444,955-856-5617,mburnyatee8@bing.com,hembureye8@instagram.com,sdollimoree8,mcollse8,hcominolie8,389 Pine View Center
+371 (274) 750-2682,406-582-1634,cdracoe9@imdb.com,tclawleye9@pagesperso-orange.fr,jcruttendene9,npencoste9,cdetocquevillee9,
,,tbrennekeea@linkedin.com,jcuerdaleea@reuters.com,dclearleyea,coadesea,rivantyevea,2 Swallow Street
,,emoyeeb@geocities.com,afarebrothereb@imdb.com,fdeboickeb,rgliddereb,nrowaneb,10756 Lakewood Trail
,,wmundfordec@bigcartel.com,bmcgrealec@google.com.br,mskelbeckec,cdebenedettiec,jdelmontiec,70 Hanover Pass
,,jabellsed@hugedomains.com,rbalnavesed@sun.com,,,,77 Rutledge Road
,,,,gpeteree,smccarrickee,rpaudinee,
,,esuffieldef@behance.net,mdyeef@telegraph.co.uk,sdeverehuntef,adavidowichef,tshallowef,11188 Amoth Trail
,,vratcliffeg@tuttocitta.it,cbrightyeg@cnet.com,,,,
,,scasereh@friendfeed.com,csurcombeh@mozilla.org,,,,
,,kbedhamei@msn.com,aondracekei@facebook.com,,,,8 Barby Plaza
,,lsammonsej@google.com.br,bpagettej@prnewswire.com,,,,
,,bthackrayek@youtu.be,tcoulthardek@last.fm,mmelburgek,adunnek,hdenisardek,
,,,,lbohlingel,lrenalsel,asehorschel,20 Bay Street
,,twhimpem@youtu.be,hmerkleem@hostgator.com,,,,509 Emmet Hill
,,,,,,,
,,whordereo@cnn.com,hviseeo@usda.gov,,,,
,,dmccomishep@merriam-webster.com,tjuraep@networksolutions.com,djeuneep,cayscoughep,cboastep,
,,pbambrugheq@cbslocal.com,aantoniateq@barnesandnoble.com,,,,
+62 (490) 152-7645,128-640-7822,eleclercqer@artisteer.com,ugalbraither@de.vu,bpaqueter,esliteer,pfarloweer,
,,psimonetones@chronoengine.com,tiacoboes@ucoz.ru,,,,
,,cdaymentet@diigo.com,laldermanet@blogger.com,,,,289 Buhler Park
,,,,coakeseu,ksiegeeu,kfiddimaneu,
,,,,,,,
,,jtiebeew@mit.edu,asileyew@indiegogo.com,,,,1487 Algoma Court
,,,,lmatushenkoex,gbelchemex,fslatfordex,87555 Petterle Plaza
,,,,,,,2 Muir Junction
,,rkillimisterez@fda.gov,lrennisonez@discovery.com,cskillernez,dcrisfordez,gpibornez,85 Manitowish Parkway
,,pbrettellf0@globo.com,mmcmeekingf0@msu.edu,adallisonf0,rreidef0,chartnessf0,
,,tmounceyf1@angelfire.com,cwridef1@creativecommons.org,,,,
,,jelstonf2@cbsnews.com,dgrigsbyf2@examiner.com,eadcocksf2,pmontf2,bdukelowf2,0 Norway Maple Pass
+51 (454) 268-4739,515-275-3509,vansleyf3@shop-pro.jp,lgatusf3@ning.com,,,,73 Morrow Terrace
,,lwaitef4@dell.com,mlockf4@sitemeter.com,gallsobrookf4,aghiriardellif4,jschreinerf4,73954 Daystar Point
,,epiesingf5@shinystat.com,kbridgementf5@washingtonpost.com,,,,
,,kbranwhitef6@sciencedirect.com,apappif6@hibu.com,,,,28 Blue Bill Park Place
,,ksetonf7@multiply.com,jlacef7@ehow.com,,,,
,,mbuglassf8@edublogs.org,shammorf8@vkontakte.ru,,,,
,,,,,,,994 Prentice Place
,,bsergisonfa@is.gd,cmattheisfa@godaddy.com,,,,651 Lillian Way
,,ttresvinafb@themeforest.net,mpitkinfb@netvibes.com,,,,
,,,,,,,
,,dswinfordfd@cnn.com,omarshamfd@csmonitor.com,,,,
,,,,pbampforthfe,cduncansonfe,mvynallfe,
,,apaudinff@chicagotribune.com,llinguardff@networksolutions.com,sdrengff,mverringff,lbarringerff,749 Green Ridge Road
+86 (230) 791-4484,976-604-2316,syorkstonfg@un.org,mcrippenfg@spiegel.de,,,,
,,,,,,,
,,iwhiteselfi@privacy.gov.au,jscrinefi@springer.com,,,,40 Glendale Place
,,eridolfofj@gov.uk,mkenlinfj@nifty.com,,,,
,,lbartalinfk@shinystat.com,fthezefk@netvibes.com,,,,05243 Lyons Avenue
,,gwealthallfl@tinyurl.com,ltitcombfl@wunderground.com,,,,97 Sherman Park
,,ldenisyukfm@t-online.de,sbendelowfm@sciencedaily.com,,,,21 Glacier Hill Place
,,mconorfn@phoca.cz,jmacneillyfn@irs.gov,,,,200 Sutherland Plaza
,,,,,,,5 Esch Alley
,,mbrisleyfp@earthlink.net,phitterfp@bravesites.com,,,,
,,lstrydefq@redcross.org,mmatusfq@cocolog-nifty.com,,,,82 Little Fleur Road
,,mjumelfr@sitemeter.com,wcauderliefr@telegraph.co.uk,fcurreenfr,ppaitonfr,tmcevoyfr,
,,shoovartfs@oakley.com,kflorencefs@t.co,,,,0 Jana Drive
,,aheatleyft@t.co,jcahanift@gmpg.org,,,,
,,msaywellfu@virginia.edu,aaldrichfu@hostgator.com,,,,
,,,,,,,67 American Drive
+7 (637) 613-5870,690-575-1307,emanthafw@nsw.gov.au,ekasparskifw@vistaprint.com,,,,
,,dlawleefx@cmu.edu,gtrevarthenfx@newyorker.com,,,,
,,,,,,,79774 Hauk Park
,,akersawfz@pinterest.com,earseyfz@hubpages.com,bmatzelfz,vtowsefz,fmegaineyfz,
,,mtribellg0@washington.edu,mbernardouxg0@pbs.org,,,,01 Brentwood Road
+52 (255) 124-0017,925-148-4133,kshillamg1@seattletimes.com,rduthyg1@cargocollective.com,bmcilwrathg1,hchippindallg1,djerschkeg1,
+46 (891) 548-5383,285-216-1655,owhertong2@netscape.com,morkneyg2@pcworld.com,bblazewiczg2,dgallyg2,bradboneg2,
+62 (284) 686-9447,961-330-7347,nvennardg3@upenn.edu,gdescroixg3@auda.org.au,,,,15830 Forest Dale Way
+234 (875) 299-6769,587-616-7499,abambridgeg4@facebook.com,fsideyg4@tinypic.com,,,,
,,mwapplesg5@etsy.com,eanniong5@guardian.co.uk,lwolstenholmeg5,amarrableg5,kmeasomg5,
,,kurryg6@hibu.com,rdeardsg6@miitbeian.gov.cn,,,,
,,shanselg7@go.com,saiskriggg7@fastcompany.com,sgriggsg7,twizg7,ashillidayg7,76 Northport Crossing
+62 (342) 577-8320,530-618-1277,bberkelyg8@webs.com,cthornleyg8@google.ru,,,,
,,craithmillg9@uol.com.br,ddandisong9@nifty.com,,,,
,,,,,,,
+81 (106) 851-6587,289-138-1967,ubrunigesgb@wired.com,vfassegb@cbsnews.com,mframegb,hmadillgb,emeenangb,
,,myglesiagc@lycos.com,bmcdouglegc@wisc.edu,,,,
,,sstrotongd@umn.edu,mmacgaheygd@ucsd.edu,,,,
,,,,ckunnekege,jellinghamge,amearingge,
,,sbetterissgf@bizjournals.com,skitchenmangf@drupal.org,ncutcheygf,hsimonaitisgf,wrawlcliffegf,837 Mccormick Trail
,,rburkingg@netlog.com,plamploughgg@xinhuanet.com,,,,748 Green Center
,,amedmoregh@walmart.com,vtidmangh@typepad.com,,,,
,,sbaudaingi@marketwatch.com,ljanzgi@sogou.com,,,,5339 Autumn Leaf Street
,,wdwellygj@photobucket.com,htomczynskigj@wired.com,,,,
,,eturfesgk@webnode.com,khaycraftgk@scientificamerican.com,,,,
,,gtollitgl@scientificamerican.com,cclemmensengl@yahoo.co.jp,eokiegl,amaclavertygl,khabertgl,
+48 (344) 802-2402,510-668-0569,raddlestonegm@youtu.be,vglassgm@nifty.com,tkinggm,dcicconettiigm,sgrummittgm,93 Moland Drive
+86 (548) 804-7895,323-660-2190,csegeswoethgn@dell.com,aduesberrygn@psu.edu,,,,0915 International Way
,,,,,,,935 Quincy Terrace
,,ssteinhammergp@google.com.br,kclaeskensgp@fc2.com,,,,165 Clove Hill
,,prichmontgq@businessinsider.com,rbindinggq@narod.ru,sshelbournegq,zenterleingq,hchickgq,3779 Summit Way
+420 (677) 727-6019,292-657-6313,bhiddygr@shop-pro.jp,rdjakovicgr@bandcamp.com,,,,
,,gchadburngs@geocities.com,rhibbartgs@admin.ch,,,,57 Pine View Road
,,zskinleygt@ebay.com,smiguelgt@naver.com,ttubrittgt,psimounetgt,qlokiergt,
,,cblaisegu@eventbrite.com,mphillpgu@unesco.org,srowangu,jadiscotgu,rpevsnergu,
,,cpallentgv@skype.com,koiliergv@deliciousdays.com,gsteelsgv,dugolinigv,wcohrgv,14 Quincy Lane
,,,,,,,
,,lpappingx@wufoo.com,mwasmergx@cnn.com,wkraftgx,ejanicgx,gstubbsgx,757 Birchwood Road
,,rvasilyonokgy@amazon.com,crobartsgy@ifeng.com,sblewittgy,aolechgy,gabbagy,
,,kurquhartgz@microsoft.com,mcoolinggz@theatlantic.com,,,,
,,,,,,,
,,bporteh1@cmu.edu,mbuckenhamh1@oaic.gov.au,,,,33036 Hoard Crossing
,,bstanesbyh2@github.com,lhornigh2@jimdo.com,,,,
+54 (110) 528-4959,932-724-7753,cstilgoh3@163.com,torsmanh3@amazon.com,,,,554 Southridge Pass
,,hwindeatth4@apple.com,yhackleyh4@photobucket.com,smunth4,melth4,cbewickh4,
,,ncavillah5@indiatimes.com,mmcconnelh5@dot.gov,,,,0 Clyde Gallagher Terrace
,,,,mchaddh6,dneliganh6,odoughteryh6,4624 Wayridge Crossing
,,nmabonh7@yandex.ru,mpeeblesh7@etsy.com,,,,353 Butterfield Circle
,,ewoodgateh8@opera.com,adunnh8@businesswire.com,rtarpeyh8,bmcsperronh8,rgoldspinkh8,8 Sachtjen Plaza
,,hbentickh9@blogs.com,lfoucarh9@ebay.co.uk,ymenureh9,jcubbonh9,mboheah9,36131 Ridgeview Junction
,,sbertomeuha@sciencedaily.com,aapplewhaiteha@wikispaces.com,,,,
,,,,,,,
,,preymershc@amazon.com,bduxburyhc@a8.net,,,,0354 Kings Park
,,wwardropehd@live.com,ethirlwellhd@fda.gov,witzkovitchhd,tdeathridgehd,ykaliszewskihd,45 Buena Vista Place
+504 (705) 793-2261,458-363-5701,lpowerhe@jugem.jp,rmallalieuhe@themeforest.net,dpizeyhe,jaumerlehe,cgarratthe,922 Anhalt Trail
,,tfieldshf@washingtonpost.com,kwebberleyhf@un.org,,,,812 Main Place
,,vbirtchnellhg@accuweather.com,sgreesonhg@yale.edu,,,,93300 Mayer Drive
+351 (970) 742-3510,367-925-3600,acaheyhh@deviantart.com,jdragehh@geocities.jp,,,,14 Kennedy Point
,,,,,,,
+7 (259) 129-0824,887-419-4982,,,,,,
,,rbrimminghk@foxnews.com,tmouathk@dyndns.org,,,,
,,,,,,,02 Farwell Place
,,awitherdonhm@surveymonkey.com,ddowryhm@upenn.edu,,,,
,,crishworthhn@webnode.com,eheskinhn@tiny.cc,bcaulfieldhn,sogbornhn,soadeshn,
,,,,,,,
,,cbrockhp@youku.com,fplunkethp@bravesites.com,,,,
,,fmcturloughhq@google.com.au,mruusahq@google.co.uk,dcarlesihq,dweondhq,cshererhq,
,,prangeleyhr@sina.com.cn,rbanathr@utexas.edu,oganforthhr,asheberhr,edunstallhr,
,,showardgaterhs@youku.com,hsullandhs@ezinearticles.com,,,,
,,ckabschht@amazon.com,rsharmanht@behance.net,,,,
,,hnuschehu@phpbb.com,wmellowshu@zimbio.com,,,,
,,hmilhenchhv@topsy.com,sscarcehv@ebay.com,,,,
+357 (794) 958-1151,239-921-7533,jgermainhw@reverbnation.com,ktowsiehw@dedecms.com,,,,
+62 (966) 142-9232,131-367-8003,bpavierhx@tumblr.com,celeyhx@icq.com,,,,
,,lmccorleyhy@g.co,lforlonghy@xinhuanet.com,,,,
,,hconachyhz@cornell.edu,lsabatihz@imdb.com,,,,90629 Armistice Park
,,eizakofi0@issuu.com,ladesi0@whitehouse.gov,mrowneyi0,dgodselli0,wfonquerniei0,
+380 (562) 879-9044,225-838-6369,ddeniseaui1@sitemeter.com,fgristhwaitei1@ed.gov,,,,
+62 (593) 999-2964,399-185-1090,tkorneli2@wordpress.com,amacmaykini2@over-blog.com,jmoormani2,sravensheari2,dhawksbyi2,21 Buell Court
,,sarchdeaconi3@google.ru,cosheai3@multiply.com,,,,
,,nwhitneyi4@sogou.com,marundeli4@nasa.gov,,,,3 Nevada Way
+86 (223) 445-3047,968-143-1850,cilievei5@salon.com,smcconachiei5@tiny.cc,fwillischi5,cbilhami5,rmaywardi5,6091 Mosinee Hill
+385 (551) 666-3562,275-310-3178,hteenani6@drupal.org,rchampneysi6@bigcartel.com,,,,52 Colorado Point
,,anelthropi7@php.net,kvergoi7@epa.gov,,,,
+86 (372) 255-5336,117-819-7007,,,cleivesleyi8,jgaisfordi8,dmarchmenti8,
+380 (262) 676-2532,652-303-8772,mmeddemmeni9@merriam-webster.com,fmessomi9@over-blog.com,vprettejohnsi9,vmingamei9,gfrenchi9,
,,tantonovia@xinhuanet.com,cbelitzia@engadget.com,,,,8 Lillian Street
,,cgisbeyib@amazon.co.uk,scoskerryib@pen.io,,,,5 Oakridge Parkway
,,pfoystoneic@phoca.cz,dlumsdaleic@about.me,lplowesic,wpickworthic,hedowesic,2614 Aberg Parkway
,,wcracknallid@usda.gov,sbeglinid@squidoo.com,slayeid,avedenyakinid,amckinnid,
,,kortie@gov.uk,adudenieie@kickstarter.com,aedwinie,lmaskelyneie,sagglioie,
,,,,,,,
,,vfishleeig@nsw.gov.au,pantonowiczig@g.co,aetridgeig,ewellingig,arignallig,
,,mashih@nsw.gov.au,fhaldaneih@gov.uk,,,,
,,rmuffordii@cloudflare.com,marborii@netlog.com,,,,7574 Main Place
,,nchristophersenij@nydailynews.com,sricoldij@alibaba.com,,,,
,,cmellodeyik@wsj.com,sseebrightik@netvibes.com,,,,84471 Parkside Pass
,,,,agambleil,rbeesleyil,gbrissendenil,78885 Norway Maple Circle
,,,,,,,
,,xwythillin@mozilla.com,callewayin@buzzfeed.com,,,,
,,hclailio@omniture.com,elavallinio@imgur.com,kdumbellowio,ztschierschio,ncockillio,
,,nscathardip@smugmug.com,lsimanip@ebay.co.uk,,,,
,,,,,,,
,,nellerbyir@bravesites.com,gleidenir@businessweek.com,,,,
,,nbaytropis@1und1.de,gwoodroffeis@yandex.ru,,,,
,,kcardallit@bluehost.com,fkarbyit@un.org,,,,
,,eseideiu@state.tx.us,hsherborneiu@acquirethisname.com,,,,68 Westridge Terrace
+98 (469) 477-0341,278-753-4978,astilgoiv@telegraph.co.uk,kspiringiv@com.com,jisherwoodiv,karboriv,tpeeblesiv,
+234 (579) 888-4975,777-968-4088,natkinsiw@bloomberg.com,trispineiw@ftc.gov,writzmaniw,cfloweriw,mtuffleyiw,72 Bluestem Pass
,,efortieix@howstuffworks.com,ofennaix@t.co,,,,38752 Magdeline Drive
,,egafferiy@blogspot.com,dbiddissiy@github.com,glightbowniy,ifarmaniy,efaceiy,
,,ktutilliz@csmonitor.com,uwestmaniz@alexa.com,,,,8329 South Center
,,rholhousej0@mediafire.com,dvealj0@ucsd.edu,,,,
+380 (609) 167-3612,742-871-3457,,,,,,
,,abanesj2@yahoo.co.jp,bdenajeraj2@people.com.cn,otoupej2,kelizabethj2,ahapgoodj2,05 Crowley Alley
+34 (983) 776-5909,285-620-2110,tboorerj3@state.gov,truppertzj3@baidu.com,,,,7 Thierer Alley
,,smithanj4@bloomberg.com,mjohnseyj4@amazonaws.com,mcarltonj4,gcombesj4,pboscottj4,96 Pankratz Junction
,,hhofj5@accuweather.com,sdyshartj5@4shared.com,,,,
,,akumaarj6@webmd.com,ddodworthj6@tamu.edu,,,,
,,loroanj7@privacy.gov.au,ctwelvetreej7@washingtonpost.com,,,,
,,,,,,,
,,efilippoj9@cbslocal.com,rstodhartj9@godaddy.com,wholstonj9,btrevorrowj9,bmagowanj9,14054 Katie Circle
+46 (494) 645-6837,693-136-3211,fleafeja@icio.us,ecarilloja@opera.com,,,,
,,lvuittetjb@chron.com,awillmottjb@businesswire.com,,,,52 Schmedeman Center
,,gjurczakjc@ebay.com,apennockjc@xing.com,,,,785 Ruskin Crossing
,,fcanetejd@bizjournals.com,tstuchberyjd@zimbio.com,btembyjd,lluceyjd,kameryjd,
+380 (782) 933-0507,521-447-9093,abenkaje@chronoengine.com,ecaje@fema.gov,,,,
,,tfilippozzijf@nasa.gov,djocicjf@home.pl,,,,3 Burning Wood Street
,,ztheakerjg@bluehost.com,tdarbeyjg@mail.ru,,,,
,,mmagnerjh@quantcast.com,elimbjh@uol.com.br,,,,88440 Forest Run Pass
,,bearsmanji@live.com,lwarkji@unblog.fr,,,,
,,kskillandersjj@163.com,hescolmejj@webeden.co.uk,,,,89092 Anhalt Crossing
,,,,,,,
,,tferrariojl@europa.eu,ftrettjl@who.int,egreavesjl,zmairsjl,cedmensonjl,
+30 (564) 802-7305,276-650-8362,hmcculloghjm@themeforest.net,navelingjm@europa.eu,,,,120 Leroy Lane
+57 (820) 212-4378,284-552-8559,,,lbasantjn,bshuttleworthjn,kmacgrathjn,
,,,,,,,
+53 (154) 773-4247,517-822-9298,,,,,,7 Roxbury Road
,,kfanshawjq@chicagotribune.com,klattimerjq@auda.org.au,,,,45875 Knutson Circle
,,obarlowjr@bravesites.com,jkarpinskijr@ehow.com,,,,
,,,,vsimonianjs,dodeejs,cskrynejs,
,,bhumberstonejt@jalbum.net,mgeachjt@163.com,,,,
,,ctempleju@eventbrite.com,gkinvigju@myspace.com,nprozesckyju,nroundju,ltobiasju,
,,jbartajv@toplist.cz,jkohnertjv@typepad.com,,,,
,,jclifftjw@deviantart.com,acrippinjw@a8.net,,,,
,,dkunzlerjx@dedecms.com,mblindmannjx@nymag.com,,,,80 Pond Junction
,,jhuncotejy@prweb.com,gbaldersonjy@smugmug.com,cjurisjy,admychjy,aburchelljy,
,,uizzatjz@eventbrite.com,jshoreyjz@seattletimes.com,,,,70439 Lake View Way
,,jofahertyk0@freewebs.com,nwhithamk0@creativecommons.org,,,,
,,mgrogank1@com.com,rvasishchevk1@tripod.com,adunridgek1,strusdalek1,abartlomieczakk1,
,,ewaldrumk2@pcworld.com,ogarnk2@examiner.com,,,,
,,ccolingk3@de.vu,qferfullek3@ebay.co.uk,,,,
,,clathyk4@nbcnews.com,ccorraok4@intel.com,flaink4,sdalrymplek4,cmcgranek4,
,,kyurlovk5@toplist.cz,lpetriek5@nih.gov,jtroyk5,fdrysdallk5,lcollcuttk5,
+63 (681) 900-4397,982-358-7128,,,,,,048 Logan Drive
,,,,,,,6280 Harbort Court
,,tgoadek8@dmoz.org,cshillomk8@theguardian.com,,,,
,,,,,,,
,,chuisonka@hud.gov,mfearickka@hibu.com,,,,21 Pankratz Alley
,,ethyskb@china.com.cn,abotwoodkb@cmu.edu,mayliffkb,sgavigankb,afazankb,
,,sburchettkc@cyberchimps.com,ldrydenkc@friendfeed.com,,,,
,,vdeekd@scribd.com,msuterkd@hostgator.com,,,,97208 Farragut Way
+62 (319) 628-9201,374-613-1917,teccleske@yellowpages.com,hflecknellke@last.fm,,,,
,,kbamberykf@shareasale.com,esteinhammerkf@bizjournals.com,,,,58726 Anderson Terrace
,,ptorrykg@europa.eu,sdoutchkg@dagondesign.com,apoekg,dsavilekg,smacgibbonkg,
+7 (153) 350-5488,543-958-2443,jnevettkh@noaa.gov,elidstonekh@bloglines.com,,,,
,,gbrandoliniki@google.cn,imeatyardki@netvibes.com,,,,
,,kvigiettikj@bbc.co.uk,lgorsekj@oracle.com,arenboldkj,gcasselskj,oleverentzkj,
,,hhonackerkk@forbes.com,cskittkk@typepad.com,,,,486 Claremont Court
,,dkinmankl@loc.gov,ehenrionotkl@webeden.co.uk,crozeakl,dchampneyskl,kscrivenkl,
,,eondricekkm@jugem.jp,sfilewoodkm@etsy.com,,,,9291 Canary Park
,,,,eschimonkn,cboyackkn,dlongriggkn,
,,,,lrandalsko,pgorbellko,hstonierko,
,,cwheeltonkp@51.la,doskehankp@hc360.com,,,,
,,gmcamishkq@globo.com,rfellkq@nsw.gov.au,,,,921 Jenna Terrace
,,mworrillkr@dell.com,npauleitkr@spotify.com,,,,
,,fjoulks@nhs.uk,gdominguezks@fema.gov,,,,
,,sjackeskt@wordpress.org,bgalbraethkt@buzzfeed.com,,,,
,,dkleenku@earthlink.net,dnoiceku@ameblo.jp,,,,
+33 (770) 733-7756,966-796-0908,hlabeskv@pinterest.com,cmeddkv@wunderground.com,,,,
,,,,dhaugkw,mbarneykw,ebarriekw,
,,achappellkx@feedburner.com,cfolominkx@omniture.com,,,,1923 Russell Way
+48 (265) 259-7905,700-890-2508,bstickellsky@ezinearticles.com,ddebiaggiky@tiny.cc,,,,1597 Shelley Lane
+46 (922) 785-3234,209-377-0199,amercykz@sakura.ne.jp,npolikz@wordpress.com,,,,40200 Prentice Drive
,,mrysoml0@slashdot.org,awintonl0@plala.or.jp,,,,
,,ahedditehl1@usgs.gov,ecamollil1@cmu.edu,,,,04610 Del Mar Way
+81 (441) 614-8220,764-627-8046,ocalll2@apache.org,ksponderl2@delicious.com,dpitchfordl2,cpriestnerl2,pmunkleyl2,
,,hgarritl3@amazon.co.jp,hjamaryl3@wired.com,,,,
+1 (359) 572-2742,368-733-1802,,,ahollierl4,hroskamsl4,drossboroughl4,
,,bgallaherl5@ucsd.edu,gjumeaul5@google.com,,,,
,,cstoppsl6@booking.com,rjosiahl6@unc.edu,,,,65 Maryland Place
,,nthrippl7@nasa.gov,amarwoodl7@ucoz.com,,,,
,,amakeyl8@joomla.org,ckennerknechtl8@amazon.com,,,,340 Lukken Plaza
,,umoyl9@marketwatch.com,nverillol9@alibaba.com,,,,
,,nmckelveyla@chronoengine.com,sglaisterla@comcast.net,,,,
,,nbleilb@furl.net,rbentalllb@ovh.net,,,,
,,htrayhornlc@delicious.com,ncharterislc@princeton.edu,,,,
+62 (965) 240-3954,140-103-3192,,,,,,0 Buell Avenue
+33 (161) 155-2975,345-776-8677,,,,,,
,,vdairtonlf@list-manage.com,msturgelf@bandcamp.com,mwashingtonlf,jmccomiskeylf,kwaddilovelf,
,,ldarlisonlg@mysql.com,emacilhargylg@instagram.com,,,,86552 Gulseth Park
+62 (267) 466-9082,118-756-1273,apaskerfullh@behance.net,lrickasselh@intel.com,,,,2925 3rd Parkway
,,,,,,,
,,rpitonelj@cyberchimps.com,mbrysonlj@trellian.com,,,,2 Blaine Pass
,,mmaplelk@yahoo.co.jp,bcolebornlk@fda.gov,,,,
,,,,gfanthamll,ffallonll,lbellsonll,
,,,,,,,
,,dcompfortln@chronoengine.com,jjeffreyln@yellowbook.com,ksimacekln,frozzierln,dsprigginln,
,,,,,,,7024 Rusk Terrace
,,,,,,,31 Sugar Junction
,,rscraggslq@1und1.de,akyndredlq@nsw.gov.au,,,,27 Little Fleur Lane
,,rmesiaslr@dot.gov,rmaydwaylr@github.com,,,,
,,bhatfieldls@tumblr.com,bwerndlyls@skype.com,,,,52294 Harbort Street
,,jfearnsideslt@tumblr.com,tormstonlt@blog.com,,,,
,,cbeynonlu@nydailynews.com,moughtonlu@nationalgeographic.com,,,,7 Londonderry Alley
+48 (224) 196-5694,803-437-1567,,,,,,
,,dgooklw@privacy.gov.au,siggaldenlw@ebay.co.uk,cvandendaellw,kberstonlw,aoglevielw,
,,pbessonlx@aol.com,ndictuslx@howstuffworks.com,ukenwardlx,rcommuccilx,dcrocumbelx,
+62 (100) 333-5843,255-159-4363,,,,,,
,,ddantuonilz@howstuffworks.com,ctrahmellz@cyberchimps.com,,,,56653 Merchant Trail
+63 (831) 113-6003,504-379-2036,tbartleym0@about.com,jdiversm0@patch.com,,,,
+86 (194) 771-4335,126-491-3748,vclaworthm1@virginia.edu,cavrahamm1@nydailynews.com,,,,4708 Prentice Court
,,ihendronm2@is.gd,ndemseym2@gizmodo.com,,,,
,,wtwigginsm3@chicagotribune.com,afollosm3@youtube.com,,,,
,,tmorfordm4@sourceforge.net,edelapm4@thetimes.co.uk,,,,83720 Melrose Hill
+33 (151) 815-5358,642-782-7112,cguidottim5@bravesites.com,lgemlbettm5@surveymonkey.com,,,,
+86 (450) 422-0675,484-779-2649,rcourtinm6@amazon.co.uk,lmcnellism6@infoseek.co.jp,,,,723 Arkansas Plaza
,,lreesm7@wp.com,mcolegrovem7@shinystat.com,rkohnertm7,gdraperm7,vpuzeym7,1 Cherokee Crossing
,,tmatym8@ebay.com,hcliftm8@msu.edu,,,,
,,,,,,,632 Mcguire Crossing
,,,,,,,37861 Dorton Trail
+351 (557) 788-3793,855-797-7591,vedworthyemb@sourceforge.net,clinnardmb@washingtonpost.com,tskeemermb,afraczkiewiczmb,smackartanmb,
,,fspurriormc@odnoklassniki.ru,estephensonmc@facebook.com,,,,
,,fjoshmd@narod.ru,earnalmd@newsvine.com,,,,
,,hclemersonme@twitter.com,wlevineme@tinypic.com,,,,
,,cdyblemf@marketwatch.com,bkiddmf@berkeley.edu,,,,
,,agoskarmg@sakura.ne.jp,vbelchemmg@state.tx.us,,,,
,,bcallejamh@pen.io,meiversmh@buzzfeed.com,dsteedmanmh,asandhammh,hjansemh,
,,ariccardomi@sourceforge.net,schildersmi@berkeley.edu,,,,
+355 (609) 434-4914,492-505-6601,hmortenmj@vimeo.com,fhaliburnmj@msu.edu,drisboroughmj,dcollettmj,cparnallmj,
,,cfoadmk@canalblog.com,acleminsonmk@theguardian.com,dblumiremk,mfriarymk,gbungeymk,
,,pbownesml@prnewswire.com,ocasettiml@addthis.com,,,,
,,zcamilimm@unicef.org,relwinmm@springer.com,,,,
,,mvautinmn@mapquest.com,mcouronnemn@paginegialle.it,,,,
+86 (325) 570-0846,721-127-9404,htopazmo@ovh.net,ajoesburymo@4shared.com,,,,
+86 (933) 807-2412,267-554-8697,falveymp@bigcartel.com,bflandersmp@usnews.com,,,,
,,,,hsidnellmq,ddeimq,bsiebartmq,
,,aebanksmr@4shared.com,hkettowmr@google.fr,,,,90218 Arkansas Terrace
,,edarrowms@ameblo.jp,lungerms@aboutads.info,,,,
,,,,,,,
,,cglynnemu@youku.com,shantuschmu@theglobeandmail.com,dcreasemu,bcastrillomu,dmcterlaghmu,
,,swinshipmv@uol.com.br,podempseymv@altervista.org,,,,
,,lcapronmw@twitpic.com,dhewkinmw@timesonline.co.uk,,,,246 Lindbergh Plaza
,,cbramptonmx@vkontakte.ru,idsouzamx@eventbrite.com,tliveseymx,adeliamx,dfindonmx,3 Brickson Park Center
,,skumaarmy@deliciousdays.com,jbowlasmy@live.com,,,,
,,ogiacomuccimz@sun.com,mearengeymz@weebly.com,tgoormz,ablanchardmz,obriarsmz,
+355 (712) 113-4450,643-545-3957,,,,,,
,,bmatthausn1@aboutads.info,gkloskan1@state.tx.us,,,,
+30 (874) 423-4347,581-381-1707,,,ddrisselln2,aextaln2,ttrundlen2,034 Birchwood Trail
,,rjessopen3@techcrunch.com,lbowcockn3@goodreads.com,,,,0733 North Lane
+62 (514) 961-4503,730-347-1055,,,,,,2269 Morningstar Pass
,,,,,,,
,,tlicasn6@clickbank.net,vmerrywethern6@4shared.com,,,,944 Sunbrook Trail
,,ghenrien7@weibo.com,fyeandeln7@usda.gov,,,,
,,,,,,,
,,,,,,,
,,kmacaleesena@trellian.com,mcordonna@comcast.net,lgoosnellna,dgabitsna,jpontingna,
+62 (835) 457-0642,827-189-0621,,,,,,
,,gheidennc@de.vu,rgaskellnc@gmpg.org,,,,64 Sugar Parkway
,,awillartonnd@engadget.com,ipoulsomnd@miibeian.gov.cn,cbrobynnd,okratesnd,tgilberthorpend,
,,mperegrinene@arstechnica.com,jlubene@ebay.com,ttisunne,rasselne,tallabartonne,
,,alucusnf@cdc.gov,mwallworthnf@multiply.com,,,,
,,mpitthamng@mac.com,gdhoogeng@jiathis.com,,,,
,,ctallmannh@indiegogo.com,cfidonh@vinaora.com,,,,04731 Bartelt Street
,,,,,,,
,,esnodaynj@economist.com,stomasinj@engadget.com,,,,054 Emmet Center
,,,,,,,
,,akovnotnl@jalbum.net,mrosenblattnl@java.com,nkupisnl,hbalbecknl,cstrangenl,05 Cherokee Place
,,aallsebrooknm@fema.gov,klowselynm@foxnews.com,,,,
,,mwiltshernn@slate.com,hpullinnn@nba.com,,,,
,,skirkpatrickno@virginia.edu,gpetruskano@yellowpages.com,,,,
+380 (974) 629-4151,276-207-1636,lshotboultenp@hhs.gov,ebahlnp@deviantart.com,,,,
,,,,,,,4737 Muir Crossing
,,aroydonnr@icio.us,scastronr@sciencedaily.com,,,,
+251 (160) 717-5312,157-962-4205,bnotons@washington.edu,ajosefsenns@google.ru,,,,1 Becker Circle
,,,,,,,
,,kmuronu@sbwire.com,kdrivernu@geocities.com,nsidnellnu,ohallardnu,lgillicuddynu,
,,cmackeenv@w3.org,cnarrienv@timesonline.co.uk,,,,
,,ewintersgillnw@shop-pro.jp,jewestacenw@ucoz.ru,cwollennw,bhubbucknw,lhallexnw,164 Towne Parkway
,,,,jtokellnx,rilyukhovnx,dbenardnx,
,,lswindleny@feedburner.com,jsiehardny@symantec.com,,,,076 Miller Junction
+86 (256) 479-5139,942-882-3398,evereynz@furl.net,aferraresenz@intel.com,,,,
,,ehandysideo0@sciencedaily.com,cminchino0@army.mil,,,,
,,,,,,,
,,zcousheo2@shinystat.com,pcreamo2@ox.ac.uk,dmcgeniso2,agookeso2,ajedrzejczako2,5622 Crownhardt Way
,,,,,,,
,,fgreswello4@cnn.com,mkiddeyo4@cmu.edu,ulydstero4,sboughtono4,ymuzzlewhiteo4,
+52 (272) 901-0993,434-989-5279,gchimientio5@yale.edu,vdovidaitiso5@dagondesign.com,,,,2853 Oakridge Alley
,,tcorrisono6@ucla.edu,lcasburno6@cdbaby.com,,,,4 Carberry Road
+55 (443) 557-8598,609-899-0687,sgumeryo7@bloomberg.com,cbarnardo7@fc2.com,,,,
,,,,mdadamoo8,mandrewarthao8,eschurichto8,4995 Moose Way
,,ialloisio9@tripod.com,mzavattierio9@samsung.com,jadgero9,nsiemenso9,cpartingtono9,
,,mtimnyoa@addtoany.com,zblacksteroa@w3.org,mcashenoa,gvlasovoa,zbockmasteroa,9565 Arrowood Hill
,,fsorroob@diigo.com,chuttenob@businessinsider.com,,,,3 Basil Pass
,,klodinoc@altervista.org,khansardoc@cnet.com,,,,
,,sobreenod@360.cn,vivakinod@techcrunch.com,,,,
,,,,,,,031 Everett Center
,,qswithenbyof@deviantart.com,hsailorof@nsw.gov.au,,,,
,,,,,,,4 Burrows Plaza
,,rsackesoh@printfriendly.com,sfairholmoh@ftc.gov,agiddyoh,cdoumerqueoh,tstonehamoh,
,,arentenbeckoi@tamu.edu,imckewoi@barnesandnoble.com,mmclardieoi,efeasbyoi,cmullissoi,
+86 (521) 479-1853,342-580-4830,mguynemeroj@over-blog.com,ajelkesoj@telegraph.co.uk,apiscooj,ibanasevichoj,bradbandoj,
,,,,bfruserok,kberisfordok,ccrowtherok,1 Westerfield Road
,,dmillandol@desdev.cn,kspaltonol@geocities.com,,,,2405 Buhler Circle
,,ktittom@360.cn,clillieom@blogs.com,,,,4 Ramsey Place
,,soneilon@uiuc.edu,htotmanon@spotify.com,,,,
,,ddingleoo@blogspot.com,ndowbekinoo@economist.com,ahaughtonoo,hplowelloo,rhogginoo,6784 Marcy Way
,,lwytchardop@examiner.com,jbremingop@mozilla.com,,,,60476 Red Cloud Court
,,,,,,,
+31 (439) 732-5481,856-585-1708,fbaumadieror@tumblr.com,wplascottor@a8.net,,,,13884 Brickson Park Drive
,,,,,,,77 Westend Road
,,bpaulmannot@dion.ne.jp,cdarthot@jimdo.com,ipenkeot,hchritchlowot,fbodiamot,
,,rrudolfou@bigcartel.com,bantliffou@hatena.ne.jp,,,,
,,pfeyov@spiegel.de,eheldov@amazon.co.uk,idibdallov,qdoumercov,ngrisbrookov,
,,gimoreow@blinklist.com,lgawkesow@devhub.com,,,,
,,wdodox@ed.gov,dmcrannellox@forbes.com,,,,
,,,,afannonoy,ggregeroy,plampettoy,
,,bhansmannoz@oracle.com,hsollonoz@reuters.com,dmoulsteroz,pstilwelloz,otrayesoz,
,,jmellhuishp0@scientificamerican.com,bolennachainp0@usgs.gov,ddowallp0,bcansdallp0,cspottswoodp0,549 Toban Park
,,kslatep1@imdb.com,lmerrganp1@surveymonkey.com,oivanchikovp1,cpedrolp1,hcheavinp1,17 Namekagon Court
,,,,,,,
,,eanslowp3@ibm.com,snundp3@weibo.com,,,,
,,acrewep4@geocities.com,mtichelaarp4@cnbc.com,,,,
+86 (945) 806-8389,985-260-9943,srivallantp5@tumblr.com,drosap5@auda.org.au,,,,3119 Sutteridge Park
,,,,mkabosp6,lreganp6,wdoudneyp6,
,,obangsp7@wikia.com,mdockrellp7@blog.com,,,,
+507 (109) 711-7914,731-357-6991,lsmallsmanp8@uol.com.br,rpridmorep8@cafepress.com,,,,
,,gclareyp9@dion.ne.jp,yethelstonp9@usa.gov,,,,
+86 (997) 795-2217,699-202-5876,dparkynpa@harvard.edu,mlistonpa@hostgator.com,,,,
,,abarribalpb@gizmodo.com,cfortnonpb@techcrunch.com,,,,
+63 (559) 553-6664,863-490-5179,wkilshawpc@springer.com,medmondspc@godaddy.com,,,,
,,cbatypd@japanpost.jp,jladymanpd@theguardian.com,,,,32932 Oxford Center
,,tletteresepe@amazon.com,alagdepe@topsy.com,,,,48510 Dahle Parkway
,,ckilbanepf@ask.com,rlinforthpf@wufoo.com,,,,
,,,,,,,
,,gbreazeallph@hugedomains.com,wlackeyph@constantcontact.com,,,,
,,jtreebypi@altervista.org,bpfeiferpi@skype.com,,,,1 Heath Pass
,,whatchardpj@shinystat.com,rmuffettpj@ebay.co.uk,,,,565 Ruskin Court
,,eolphertpk@discuz.net,bmunropk@sitemeter.com,,,,
+62 (373) 430-0646,457-368-6646,cpavekpl@nature.com,weddoespl@sfgate.com,,,,0722 Ohio Court
,,mfranceschpm@e-recht24.de,jpassmanpm@bbc.co.uk,lmcilwrickpm,krameaupm,dmessierpm,8 Doe Crossing Drive
,,,,,,,05103 Thierer Place
,,mpatterfieldpo@imageshack.us,wstrowgerpo@yellowbook.com,,,,
,,crosendallpp@china.com.cn,ltailepp@umich.edu,imaypp,ijervoispp,ldoumerpp,
,,,,,,,
+86 (902) 698-5108,974-110-2015,dtrevaskispr@skype.com,pmaureenpr@naver.com,mlundbechpr,mvearepr,isandespr,743 Linden Avenue
+86 (995) 835-6859,602-373-6689,,,,,,
,,vstathampt@go.com,bsandellspt@go.com,rwadworthpt,landript,kostrichpt,9 Brown Way
,,acarmanpu@weibo.com,psyalvesterpu@usatoday.com,,,,5737 Manitowish Court
,,mkubachpv@hatena.ne.jp,etickelpv@technorati.com,rmccolepv,abrugmannpv,tbartolomieupv,
+1 (768) 212-0201,558-228-6426,,,,,,191 Fair Oaks Point
,,pfawkspx@ustream.tv,bohannaypx@moonfruit.com,,,,
,,ftilstonpy@gov.uk,fblythingpy@over-blog.com,,,,843 Di Loreto Drive
,,pbaudoupz@wunderground.com,bdalesiopz@engadget.com,gchapleopz,mgourlaypz,dbernadepz,
,,,,,,,
+62 (203) 748-5073,383-498-2498,lbickq1@harvard.edu,abarberq1@mlb.com,,,,
,,rpileticq2@shinystat.com,demelineq2@domainmarket.com,jbeswickq2,nmccreadieq2,pmccafferyq2,8 Melby Park
,,hfurmageq3@scientificamerican.com,hchecklinq3@amazon.co.uk,,,,
,,fcapponerq4@hao123.com,gpiotrkowskiq4@shareasale.com,,,,
,,pgumbleyq5@a8.net,gbenjafieldq5@behance.net,,,,
,,,,,,,58135 Dwight Point
,,rgostallq7@wufoo.com,mrawstronq7@japanpost.jp,,,,
,,gspaughtonq8@bloglines.com,fivashnikovq8@hao123.com,gstuckesq8,cmarvellq8,kdeethq8,2 American Junction
,,mvinnickq9@hp.com,khaquardq9@skype.com,,,,
,,,,,,,
+46 (238) 537-8973,379-672-7311,lillistonqb@mayoclinic.com,gtranterqb@deliciousdays.com,,,,
,,,,,,,
,,pavesqd@yelp.com,mdalyellqd@dropbox.com,bcreminsqd,sniblettqd,kpietrowskiqd,
,,hjesselqe@google.com,probertsenqe@webeden.co.uk,,,,
,,tdeboickqf@squarespace.com,gwinwrightqf@webeden.co.uk,,,,
,,,,mreddishqg,tkestertonqg,owaddingtonqg,2 Forest Lane
,,lgiacobelliqh@meetup.com,nhampshawqh@cnet.com,gebyqh,gsummersideqh,rtrimmellqh,
,,,,,,,
,,nscoullerqj@sourceforge.net,jstroobandqj@tinyurl.com,,,,
,,ejellemanqk@ustream.tv,lcastelliqk@dell.com,,,,519 Everett Center
,,oayshql@kickstarter.com,msmedmoorql@ocn.ne.jp,,,,
,,edemirandaqm@posterous.com,aantonacciqm@t.co,,,,
,,jawmackqn@chronoengine.com,ldekeyserqn@delicious.com,,,,40 Pankratz Street
,,sohengertyqo@mayoclinic.com,kcraineqo@smh.com.au,,,,2052 Arrowood Crossing
,,cgrattonqp@dot.gov,jbuskqp@geocities.com,,,,
,,mstandageqq@cnbc.com,bwalkowskiqq@chron.com,,,,66 Porter Crossing
,,,,,,,
,,dwiddowesqs@lulu.com,tgillowqs@msu.edu,,,,
,,fpunshonqt@51.la,cbaldreeqt@typepad.com,,,,65 Blackbird Court
+63 (258) 375-3857,712-717-9451,sscotchmorqu@guardian.co.uk,tfallowsqu@google.ru,,,,
,,fkinaneqv@sfgate.com,ablackboroughqv@microsoft.com,,,,4089 Debs Center
,,obrissardqw@e-recht24.de,gtetfordqw@squarespace.com,,,,
,,dkarlsenqx@tinypic.com,gstutherqx@lycos.com,emephamqx,bchillesqx,rperrinchiefqx,
+880 (700) 630-7984,332-778-4889,rmcrorieqy@accuweather.com,jiredellqy@infoseek.co.jp,rhameqy,adampierqy,cpearmineqy,
,,jadlingtonqz@woothemes.com,bderisleyqz@nba.com,,,,8 Reinke Trail
,,aertelr0@who.int,mdealr0@ucsd.edu,,,,86862 Wayridge Lane
,,hfeyerr1@smugmug.com,bmarkwellr1@shareasale.com,imancer1,mseneschalr1,csweetlandr1,
+7 (625) 248-2028,742-397-2362,,,,,,05 Cody Plaza
,,jdedmanr3@cargocollective.com,cstellmanr3@myspace.com,,,,06887 Miller Trail
,,mcassellr4@wikispaces.com,tbriztmanr4@army.mil,grallingsr4,shallgarthr4,epratter4,
,,pklammanr5@free.fr,dgeavenyr5@tripadvisor.com,,,,
,,lduchenner6@answers.com,mendricir6@earthlink.net,,,,
,,ndudingr7@cdbaby.com,bbancer7@uol.com.br,,,,
,,mblethinr8@whitehouse.gov,mmcwilliamsr8@w3.org,boscallanr8,hjewsonr8,smckagr8,1176 Butternut Point
,,cscamadenr9@youtube.com,agladebeckr9@gov.uk,,,,
,,ydanetra@cisco.com,ggadneyra@deliciousdays.com,rfillerra,agatheridgera,jblenkensopra,31015 Kings Alley
,,vthorouggoodrb@hao123.com,lmoscorb@sogou.com,,,,2 Kinsman Street
,,hgiamorc@berkeley.edu,rkimmincerc@linkedin.com,,,,
,,alanfranchird@boston.com,byieldingrd@goo.gl,,,,
,,carpere@accuweather.com,ddadyre@prlog.org,,,,
,,mmacekrf@disqus.com,lcallisrf@oaic.gov.au,,,,9451 Thompson Street
+261 (364) 594-7295,873-989-0902,,,oboltwoodrg,gkimburyrg,kbriddlerg,
,,dmassonrh@webnode.com,dhalyrh@ucsd.edu,,,,
+48 (672) 738-8485,465-805-1647,pgantleyri@buzzfeed.com,btailourri@dagondesign.com,,,,
,,tmaccaigrj@github.com,grichardinrj@senate.gov,,,,
,,,,ckemishrk,rcablerk,gizonrk,
+62 (616) 730-9398,755-211-8671,ldegenhardtrl@ifeng.com,okesleyrl@narod.ru,,,,88430 Express Place
,,ptoomeyrm@cdbaby.com,balfwyrm@symantec.com,iderocherm,mgirlingrm,gpaicerm,181 Sunnyside Pass
,,mvandenhoffrn@wiley.com,dceccolirn@posterous.com,,,,11 Montana Road
,,sleversonro@smh.com.au,ggluyasro@ow.ly,,,,91597 Sunbrook Trail
,,hosmantrp@feedburner.com,efarmarrp@businessinsider.com,,,,
,,sassandrirq@discuz.net,sdunnettrq@spiegel.de,agreggrq,dmounceyrq,klunkrq,
,,elarcomberr@chronoengine.com,zolczykrr@dot.gov,,,,75861 Mariners Cove Alley
